start_x,end_x,width_px,peak_x,peak_dev_px,mean_dev_px
103.0,107.0,5.0,107.0,1.8910982263306906,1.8477354046982668
207.0,214.0,8.0,208.0,-1.7286028636904724,-1.668446859194805
