start_x,end_x,width_px,peak_x,peak_dev_px,mean_dev_px
378.0,382.0,5.0,378.0,-1.1632163581238775,-1.1166524082174472
