start_x,end_x,width_px,peak_x,peak_dev_px,mean_dev_px
349.0,394.0,46.0,364.0,-1.0293168429717152,-0.8123133969367824
